NPI,Fraud
1003000407,1
1003007287,0
1003010802,0
1003015439,0
1003036278,0
1003043027,0
1003057167,0
1003066838,1
1003073941,0
1003101692,0
1003101932,0
1003107541,0
1003115536,0
1003117698,0
1003121351,0
1003127655,1
1003136011,0
1003159526,0
1003207598,0
1003215260,0
1003215542,0
1003282450,0
1003289612,0
1003296484,0
1003297243,0
1003800632,0
1003809195,1
1003812322,0
1003817156,0
1003836958,0
1003841263,0
1003849845,0
1003850603,1
1003850710,0
1003863366,0
1003869561,0
1003870239,1
1003870635,0
1003880667,0
1003880907,0
1003886979,1
1003887423,0
1003894619,0
1003902800,1
1003904830,1
1003910571,0
1003912809,0
1003916321,0
1003923459,0
1003944943,0
1003999376,1
1013002328,0
1013003060,0
1013009729,1
1013016732,0
1013019769,0
1013025865,0
1013056019,0
1013067057,0
1013079490,0
1013093178,1
1013094853,0
1013098516,0
1013151331,0
1013154566,0
1013163963,0
1013203173,0
1013208313,0
1013214717,0
1013228196,0
1013241884,0
1013256387,0
1013257260,0
1013257468,0
1013275940,0
1013279967,0
1013298033,0
1013299627,0
1013310291,0
1013342039,0
1013349414,0
1013368455,0
1013369453,0
1013374503,0
1013394527,0
1013901594,0
1013903210,0
1013904812,0
1013905116,0
1013916071,0
1013917889,0
1013919893,0
1013920479,0
1013944859,0
1013947324,0
1013949601,0
1013957182,1
1013963180,0
1013972850,0
1013973627,0
1013979061,0
1013979855,0
1013980275,0
1013986397,0
1013992197,0
1013997147,0
1013999002,1
1023000213,0
1023001773,0
1023003530,0
1023005626,0
1023006129,1
1023009891,0
1023013208,0
1023017183,0
1023018900,0
1023022365,0
1023024932,0
1023026432,0
1023029196,0
1023037058,0
1023038353,0
1023046596,0
1023046778,0
1023051661,0
1023060019,0
1023060217,0
1023060233,0
1023064862,0
1023067055,0
1023070828,0
1023075363,0
1023076171,0
1023079613,0
1023080116,0
1023085701,0
1023087665,0
1023092723,0
1023094364,0
1023094653,0
1023097136,0
1023098225,0
1023099645,0
1023101995,0
1023103306,0
1023108016,0
1023111531,0
1023116514,0
1023119898,1
1023135878,0
1023143146,0
1023144524,0
1023161684,0
1023162922,0
1023180726,0
1023191392,0
1023193984,0
1023194800,0
1023200565,0
1023233145,0
1023239555,0
1023264819,0
1023270394,0
1023270923,0
1023292950,0
1023297397,0
1023314820,0
1023335320,0
1023339413,0
1023346558,0
1023351384,0
1023389392,0
1023391257,0
1023428612,0
1023447539,0
1023468295,0
1023555992,0
1023563368,0
1033102975,0
1033103940,0
1033105697,0
1033107156,0
1033130653,0
1033136544,1
1033140298,0
1033141866,0
1033153101,0
1033153911,0
1033155072,0
1033181359,0
1033183371,0
1033187679,0
1033188164,0
1033189568,0
1033199930,0
1033201587,0
1033208145,0
1033209606,0
1033215082,0
1033215322,0
1033223276,0
1033227947,0
1033252853,0
1033274873,0
1033278510,0
1033289285,0
1033295332,1
1033298674,0
1033301858,0
1033306303,0
1033313507,0
1033323456,0
1033323779,0
1033350152,0
1033350194,0
1033366018,0
1033373907,0
1033376017,0
1033399134,0
1033415682,0
1033417522,0
1033421243,0
1033436191,0
1033446687,0
1033462999,0
1033468434,0
1033473632,0
1033473731,0
1033521000,0
1033525852,0
1033540059,0
1033542477,0
1033547682,0
1033564950,0
1043202575,0
1043203490,0
1043208366,0
1043211998,0
1043213887,1
1043215650,1
1043219389,0
1043228745,0
1043235260,0
1043241870,1
1043242183,0
1043242670,0
1043246226,0
1043246358,0
1043249931,0
1043250020,0
1043264146,0
1043265093,0
1043268063,0
1043269145,0
1043270226,0
1043273071,0
1043273642,0
1043274343,0
1043276314,0
1043276686,1
1043278013,0
1043289473,0
1043293210,0
1043295918,0
1043295959,0
1043297310,0
1043299514,0
1043309487,0
1043310121,0
1043311277,0
1043319866,1
1043394240,0
1043394810,0
1043396344,0
1043402480,0
1043412109,0
1043415011,0
1043416373,0
1043419492,0
1043429046,0
1043440118,0
1043461908,0
1043466634,0
1043466931,0
1043474042,0
1043478241,0
1043479116,0
1043479355,0
1043506348,0
1043518665,0
1043518749,0
1043519200,0
1043522352,0
1043549850,0
1043599178,0
1043608086,0
1043647415,0
1043654874,0
1043669658,0
1043687395,0
1053301499,0
1053302976,0
1053307918,0
1053310227,0
1053310607,0
1053311019,0
1053311944,0
1053313882,0
1053318162,0
1053319749,0
1053328435,0
1053331454,0
1053331942,0
1053354787,1
1053356378,0
1053360099,0
1053360214,0
1053363580,0
1053367912,0
1053372201,0
1053374165,0
1053377044,0
1053383570,0
1053386045,0
1053387266,0
1053395533,0
1053396804,0
1053398156,0
1053401570,0
1053419481,0
1053443028,0
1053450346,1
1053458018,1
1053468249,0
1053474585,0
1053474718,0
1053504910,0
1053505370,0
1053506949,0
1053511253,0
1053535120,0
1053547919,0
1053554600,0
1053571596,0
1053571703,0
1053577601,0
1053578534,0
1053583104,1
1053597039,0
1053599951,0
1053618710,0
1053628644,0
1053629881,0
1053650507,0
1053652883,0
1053671743,0
1053699884,0
1053735647,0
1053753137,0
1053792218,0
1053794768,0
1053823377,0
1063406932,0
1063413110,0
1063413938,0
1063414324,0
1063417368,1
1063418606,0
1063419554,0
1063425460,0
1063428076,0
1063433738,0
1063435071,0
1063436079,0
1063443083,0
1063444255,0
1063445666,0
1063449965,0
1063450187,0
1063452167,1
1063452639,0
1063452936,0
1063467751,0
1063469104,0
1063469328,0
1063469864,0
1063472215,0
1063482198,1
1063483188,0
1063486090,1
1063487031,0
1063489961,0
1063489979,0
1063494615,0
1063495828,0
1063496578,0
1063497113,0
1063498335,0
1063501823,1
1063504983,0
1063510493,0
1063542298,0
1063543643,0
1063547453,1
1063549848,0
1063552495,0
1063558948,0
1063562635,1
1063567931,0
1063568475,1
1063570299,0
1063592269,0
1063601763,0
1063604460,0
1063604726,0
1063610947,0
1063611499,1
1063623015,0
1063641223,0
1063652204,0
1063672962,0
1063692044,0
1063704997,0
1063772515,0
1063799724,0
1063808004,0
1063830693,0
1063831469,0
1063966216,0
1073056909,0
1073504148,0
1073518817,0
1073520912,0
1073521977,0
1073524062,0
1073524146,0
1073528634,0
1073530671,0
1073543088,0
1073557047,1
1073564126,0
1073564480,0
1073566733,1
1073572186,0
1073572939,0
1073576039,0
1073578308,0
1073579173,0
1073584108,0
1073588588,1
1073588745,0
1073590014,0
1073590451,0
1073593919,1
1073602447,0
1073603916,0
1073605234,0
1073605499,0
1073623088,0
1073624912,1
1073626529,0
1073628889,0
1073629507,0
1073641049,0
1073691986,0
1073715991,0
1073718235,0
1073725784,0
1073735056,0
1073758884,0
1073762365,0
1073773701,0
1073776985,0
1073787024,0
1073793782,0
1073838132,0
1073854733,0
1073878617,0
1073889689,0
1073909289,0
1073920880,0
1073946539,0
1073953469,0
1083026207,0
1083040620,0
1083048748,0
1083052211,0
1083604722,0
1083607428,0
1083607741,1
1083610596,0
1083614481,0
1083615223,1
1083616296,0
1083618474,0
1083619910,0
1083623847,1
1083627798,0
1083629588,0
1083637888,0
1083643829,0
1083652929,0
1083654826,1
1083665640,0
1083681423,1
1083682660,0
1083682694,0
1083683528,0
1083690846,0
1083696967,0
1083699276,0
1083702559,0
1083703698,0
1083708853,0
1083711014,0
1083725428,0
1083726921,1
1083732523,0
1083734982,0
1083735773,0
1083771927,0
1083788533,0
1083793384,0
1083797435,0
1083803563,1
1083809966,0
1083816813,0
1083835557,0
1083843296,0
1083848295,0
1083859839,0
1083875181,0
1083887962,0
1083891196,0
1083905848,0
1083914741,0
1083935902,0
1083938583,0
1083951958,0
1083957468,0
1083980403,0
1093006884,0
1093034407,0
1093053522,0
1093073926,0
1093153389,0
1093155814,0
1093183931,0
1093191173,0
1093197410,0
1093203861,0
1093701039,1
1093705832,0
1093706962,0
1093708513,0
1093709297,0
1093710790,0
1093713331,0
1093715260,0
1093715690,0
1093718876,0
1093719734,0
1093735466,0
1093750606,0
1093755134,1
1093755282,0
1093774267,0
1093775330,0
1093778839,0
1093792822,0
1093793606,0
1093794547,0
1093794901,0
1093800609,1
1093807919,0
1093814717,1
1093815276,0
1093829889,0
1093851164,1
1093892267,0
1093893331,0
1093904914,1
1093917072,0
1093923468,0
1093941395,0
1093943193,0
1093964769,0
1093965402,0
1093976995,0
1104010651,0
1104016724,0
1104026558,0
1104042365,0
1104051036,0
1104054311,0
1104061621,0
1104081371,0
1104082155,0
1104092048,0
1104098631,0
1104099142,0
1104110675,0
1104117191,0
1104124221,0
1104126481,0
1104180652,0
1104207349,0
1104259159,0
1104267806,0
1104332790,0
1104340645,0
1104801935,0
1104804392,0
1104808344,0
1104809706,1
1104811306,0
1104811892,0
1104812668,0
1104813666,0
1104829399,0
1104829639,1
1104834209,1
1104836741,0
1104837707,0
1104843069,0
1104843796,0
1104851039,0
1104856723,0
1104856996,0
1104860253,1
1104861160,1
1104863679,0
1104865575,0
1104866276,0
1104867621,0
1104868744,0
1104871433,0
1104872787,0
1104874957,0
1104877299,0
1104878693,0
1104883305,0
1104902063,0
1104902659,0
1104908268,0
1104914332,0
1104914860,0
1104932862,0
1104936459,0
1104939230,0
1104947662,0
1104967090,0
1104991231,0
1114006814,0
1114007481,0
1114014800,0
1114022316,0
1114022936,1
1114030996,0
1114031572,0
1114038064,0
1114046455,0
1114075140,0
1114098589,0
1114110400,0
1114134327,0
1114140803,0
1114167764,0
1114182680,0
1114210648,0
1114235413,0
1114239290,0
1114252608,0
1114314754,0
1114344389,0
1114363132,0
1114446515,0
1114911427,0
1114913175,0
1114919404,0
1114926797,0
1114926938,0
1114927266,0
1114930633,0
1114933744,0
1114941507,0
1114942752,0
1114943271,0
1114946654,0
1114959418,0
1114964442,1
1114965399,0
1114972262,1
1114972874,1
1114976099,0
1114986023,0
1114991163,0
1114991585,0
1114993698,0
1114996121,0
1124007497,0
1124008347,0
1124010111,0
1124012273,0
1124016480,1
1124021209,0
1124023312,0
1124027719,0
1124027743,0
1124028642,0
1124049465,0
1124053996,0
1124059019,0
1124064449,0
1124071477,0
1124079520,0
1124080163,1
1124086673,0
1124089354,0
1124091012,0
1124092325,0
1124095666,1
1124096896,0
1124098553,0
1124098884,0
1124099932,0
1124105119,0
1124114574,0
1124114830,0
1124118187,0
1124118831,0
1124133483,0
1124133590,0
1124136676,0
1124151303,0
1124160916,0
1124181086,0
1124219449,0
1124225453,0
1124228903,0
1124236450,0
1124238688,0
1124256706,0
1124282553,0
1124297627,0
1124312764,0
1124337860,0
1124345673,0
1124356597,0
1124382783,0
1124435318,0
1124436027,0
1124438171,0
1124469085,0
1124471263,0
1124557590,0
1134107634,0
1134112535,0
1134117187,0
1134125156,0
1134130917,0
1134133358,0
1134134018,0
1134143472,0
1134148091,0
1134148307,0
1134152333,0
1134161482,0
1134161987,0
1134166382,0
1134172356,0
1134179716,0
1134181118,0
1134191604,0
1134192370,0
1134221351,1
1134225063,0
1134226434,0
1134232887,1
1134241342,0
1134242316,0
1134259278,0
1134272453,0
1134274756,0
1134294986,0
1134302409,0
1134339799,0
1134357445,0
1134362171,0
1134375124,0
1134380298,0
1134391352,0
1134392046,1
1134393408,0
1134401136,1
1134402043,0
1134418783,0
1134430267,0
1134447345,0
1134486780,0
1134495054,0
1134541246,0
1134553456,0
1134564677,0
1134568678,0
1134590466,0
1134600133,0
1134626096,0
1134635568,0
1134649379,0
1134666787,0
1144202805,1
1144204363,0
1144204629,0
1144205584,0
1144210576,0
1144210667,0
1144212978,1
1144213869,0
1144215229,0
1144216508,0
1144220302,0
1144220385,0
1144220641,0
1144225137,0
1144226267,0
1144227596,0
1144236266,0
1144266289,0
1144269168,0
1144282351,0
1144285453,0
1144286782,0
1144289505,0
1144293580,0
1144294125,0
1144294455,0
1144295312,0
1144297474,0
1144327214,0
1144328303,0
1144330218,0
1144336744,0
1144350125,0
1144358516,0
1144392499,1
1144393752,0
1144394826,1
1144403379,0
1144403783,0
1144405903,0
1144421546,0
1144433491,0
1144486168,0
1144516386,0
1144518176,0
1144528522,0
1144537135,0
1144541210,0
1144541541,0
1144541822,0
1144562398,0
1144574062,0
1144601782,0
1144614165,0
1144632688,0
1144659087,0
1144661000,0
1144661752,0
1144681941,0
1144739384,0
1154302354,0
1154303568,0
1154305571,0
1154306314,0
1154310902,0
1154321594,0
1154329407,0
1154332872,0
1154334381,1
1154334704,0
1154337129,1
1154344786,0
1154360493,0
1154363372,0
1154363950,0
1154365252,0
1154375541,0
1154382802,0
1154383826,0
1154384154,0
1154384543,0
1154393056,0
1154393874,0
1154395960,0
1154398402,0
1154401974,0
1154402931,0
1154403632,0
1154406403,0
1154412997,0
1154413110,1
1154416386,0
1154426286,0
1154427920,0
1154432847,0
1154492312,0
1154494003,0
1154499697,0
1154502623,1
1154508323,0
1154518751,0
1154526093,0
1154568376,0
1154579241,0
1154597482,0
1154631687,0
1154684470,0
1154699148,0
1154705143,0
1154709772,0
1154710978,0
1154726362,0
1154732030,0
1154741056,0
1154756757,0
1164401774,0
1164410056,1
1164411435,0
1164412748,0
1164414769,1
1164421871,0
1164425708,0
1164425864,0
1164427878,0
1164428603,0
1164436960,1
1164443529,0
1164448221,0
1164458006,1
1164459350,1
1164468906,0
1164469482,0
1164472593,0
1164475034,0
1164481917,0
1164485140,0
1164490116,0
1164498002,0
1164498663,0
1164519955,0
1164532180,0
1164572590,0
1164593877,0
1164626768,0
1164628079,0
1164636262,0
1164653002,0
1164661765,0
1164674826,0
1164680088,0
1164680435,0
1164710463,0
1164734935,0
1164742938,0
1164757514,0
1164758728,0
1164762274,0
1164764940,0
1164781860,0
1164792875,0
1164835146,0
1164837977,0
1164842290,0
1164869061,0
1174504385,0
1174506869,0
1174508709,0
1174520373,0
1174524326,0
1174529093,0
1174533137,0
1174533814,0
1174540736,0
1174544902,0
1174545271,1
1174546071,0
1174557649,0
1174559116,0
1174561377,0
1174561708,1
1174567572,0
1174571020,0
1174571541,0
1174572598,0
1174573794,0
1174589204,0
1174589618,1
1174595227,0
1174596589,0
1174599948,0
1174603930,1
1174616130,0
1174619480,0
1174622567,0
1174624837,0
1174629208,0
1174635536,0
1174644199,0
1174664007,0
1174678684,0
1174714687,1
1174723720,0
1174728893,0
1174733075,1
1174743660,0
1174751929,0
1174767149,0
1174768956,0
1174796874,0
1174815815,0
1174834097,0
1174844286,0
1174856736,0
1174922462,0
1174931042,0
1174942056,0
1174955751,0
1174959332,0
1174966782,0
1184008278,0
1184009714,0
1184029035,0
1184038671,0
1184042590,0
1184045932,0
1184047136,0
1184047508,0
1184051294,0
1184060881,0
1184076119,0
1184099954,0
1184600447,0
1184607616,0
1184608689,0
1184609729,0
1184611725,1
1184614075,1
1184616310,1
1184616898,1
1184617201,0
1184619454,0
1184622391,0
1184622961,0
1184623951,1
1184626384,0
1184626939,0
1184631905,0
1184641094,0
1184643629,0
1184643678,0
1184643686,0
1184645061,0
1184660953,0
1184663981,0
1184664401,0
1184668048,1
1184670481,0
1184674814,0
1184675423,0
1184686743,0
1184690984,0
1184698532,0
1184707572,0
1184707887,0
1184708968,0
1184718710,0
1184719437,0
1184727745,1
1184730780,0
1184731127,0
1184733222,0
1184733354,0
1184747206,0
1184784019,0
1184786196,1
1184790909,0
1184793507,0
1184797821,0
1184801375,0
1184809873,0
1184821225,0
1184823270,0
1184834251,0
1184840514,0
1184862989,0
1184863938,0
1184864340,0
1184924417,0
1184935827,0
1184958753,0
1184981375,0
1184988644,0
1194003681,0
1194046250,0
1194055491,0
1194058909,0
1194060236,0
1194072090,0
1194075374,0
1194082115,0
1194091694,0
1194130179,0
1194143347,0
1194160127,0
1194161562,0
1194165357,0
1194178244,0
1194193607,0
1194706754,1
1194706937,0
1194714907,0
1194717850,0
1194720912,0
1194724864,0
1194734640,0
1194741223,0
1194741629,0
1194747063,0
1194748129,0
1194755546,0
1194758011,0
1194761395,0
1194769711,0
1194770271,0
1194773689,0
1194776799,0
1194776971,0
1194778274,0
1194781278,0
1194782144,0
1194784264,0
1194790428,0
1194793695,0
1194798538,0
1194800094,0
1194801084,0
1194827097,0
1194840694,0
1194862466,0
1194880047,0
1194882548,0
1194883736,0
1194893198,1
1194896969,0
1194897801,0
1194898692,0
1194926766,0
1194956581,0
1194956672,0
1194958017,0
1194983437,0
1194988543,0
1194990945,0
1205009891,0
1205011715,0
1205034105,0
1205042520,0
1205056199,0
1205068624,0
1205086816,0
1205090768,0
1205098902,0
1205110152,0
1205119831,0
1205121423,0
1205127651,0
1205149036,0
1205156940,0
1205179298,0
1205190998,0
1205220290,0
1205343720,0
1205383551,0
1205800257,0
1205813441,1
1205816006,0
1205817558,0
1205817699,0
1205818358,1
1205823135,0
1205825155,0
1205827342,0
1205831542,0
1205848033,0
1205849528,0
1205854338,0
1205855244,0
1205858024,0
1205858107,0
1205862711,0
1205865714,0
1205877347,0
1205878402,0
1205879855,1
1205886512,0
1205893518,0
1205894847,0
1205895158,0
1205895174,0
1205895810,0
1205899176,0
1205905569,0
1205908639,0
1205922747,1
1205924057,0
1205931243,0
1205940244,0
1205943479,0
1205947074,0
1205954955,1
1205994423,0
1215018510,0
1215035845,0
1215038237,0
1215070545,0
1215081773,1
1215093133,0
1215097258,0
1215099585,1
1215114962,0
1215125646,0
1215130307,0
1215135462,0
1215143300,0
1215145552,1
1215163589,0
1215166020,0
1215169305,0
1215179106,0
1215183579,0
1215191671,0
1215195912,0
1215215736,0
1215217849,0
1215251236,0
1215323852,0
1215324298,0
1215344791,0
1215356977,0
1215367123,0
1215375191,0
1215375324,0
1215376751,0
1215379441,0
1215905898,0
1215912332,0
1215914650,0
1215917042,1
1215920855,0
1215929229,0
1215929344,0
1215930748,0
1215931738,0
1215934484,0
1215937859,0
1215939376,0
1215944947,0
1215947403,0
1215961560,0
1215962733,0
1215964226,0
1215966544,0
1215967534,0
1215968045,0
1215978739,0
1215982855,0
1215993456,0
1215993712,0
1215995451,0
1215998588,0
1215999016,0
1215999578,1
1225002835,0
1225006711,0
1225011612,1
1225016280,0
1225019706,0
1225022445,0
1225022668,0
1225025729,0
1225029275,1
1225029713,0
1225030562,0
1225033889,0
1225034655,0
1225036700,0
1225041957,0
1225045651,0
1225052897,0
1225058613,0
1225060361,0
1225060783,0
1225065220,0
1225073356,1
1225077811,0
1225088511,0
1225090913,0
1225095920,0
1225111933,1
1225115652,0
1225120173,0
1225135619,0
1225139496,1
1225175714,0
1225181399,0
1225188543,0
1225193451,0
1225219330,0
1225241854,0
1225244775,0
1225245178,0
1225253826,0
1225257470,0
1225289085,0
1225290752,0
1225298722,0
1225299589,0
1225315229,0
1225323462,0
1225326275,0
1225340896,0
1225371909,0
1225384019,0
1225393390,0
1225419252,0
1225469695,0
1225486475,0
1225565070,0
1235102872,0
1235106097,0
1235110743,0
1235113374,0
1235121237,0
1235123456,0
1235125337,0
1235129107,0
1235129743,0
1235130782,0
1235131673,0
1235134776,0
1235135138,1
1235138413,1
1235139692,1
1235144718,0
1235149311,0
1235149378,1
1235150343,0
1235152273,0
1235152935,0
1235156084,0
1235160904,0
1235167321,0
1235170663,0
1235174103,0
1235181249,0
1235183450,0
1235185695,0
1235195439,0
1235197781,0
1235200775,1
1235205865,0
1235207010,0
1235211095,1
1235211533,0
1235221904,0
1235225376,0
1235225954,0
1235226218,0
1235236209,0
1235237660,0
1235247313,1
1235249426,0
1235293085,0
1235303041,0
1235304023,0
1235315755,0
1235317140,0
1235321696,0
1235346115,0
1235360041,0
1235360587,0
1235363573,0
1235387416,0
1235390451,0
1235395153,0
1235415860,0
1235417734,0
1235428624,0
1235441791,0
1235450594,0
1235450909,0
1235631169,0
1235632589,0
1235687773,0
1245201896,0
1245205137,0
1245210764,1
1245211366,0
1245213180,0
1245215565,0
1245225853,0
1245227743,0
1245227891,1
1245230028,1
1245236215,0
1245236348,0
1245237817,0
1245237924,1
1245239508,0
1245241686,0
1245242197,0
1245246925,1
1245249333,0
1245250661,0
1245258417,0
1245264563,0
1245269794,0
1245281286,0
1245284686,0
1245287234,0
1245293398,0
1245299262,0
1245300896,0
1245311778,0
1245317874,1
1245346196,0
1245346956,0
1245348267,0
1245359132,0
1245384791,0
1245387414,0
1245399187,0
1245433291,0
1245462019,0
1245492396,0
1245540996,0
1245543222,0
1245563725,0
1245568864,0
1245588730,0
1245599109,0
1245613975,0
1245693720,0
1245699222,0
1255300109,0
1255302717,0
1255303624,0
1255305892,0
1255313847,0
1255325361,0
1255330676,0
1255332169,0
1255336723,0
1255339677,1
1255340790,1
1255343349,0
1255349049,0
1255351961,0
1255355277,0
1255356994,0
1255362661,0
1255364642,0
1255366191,0
1255370250,0
1255371498,0
1255372736,0
1255377487,0
1255378592,1
1255379988,0
1255383816,0
1255391983,0
1255397204,1
1255397642,0
1255424248,0
1255425948,0
1255426417,0
1255437109,0
1255443313,0
1255444618,0
1255451811,0
1255452454,1
1255456653,0
1255457180,0
1255480703,0
1255531042,0
1255537890,0
1255568366,0
1255583332,0
1255585634,0
1255591921,0
1255597563,0
1255643276,0
1255659215,0
1255694204,0
1255739660,0
1255772232,0
1255774550,0
1255777397,0
1255848917,0
1265402374,0
1265402804,0
1265405211,0
1265407589,0
1265415269,0
1265418180,0
1265420996,0
1265423883,0
1265426480,0
1265427975,0
1265432025,0
1265432900,0
1265435291,0
1265439301,0
1265441927,0
1265446355,0
1265460729,0
1265469472,1
1265470256,0
1265473540,0
1265476295,0
1265476352,0
1265479299,0
1265480768,0
1265483291,0
1265490312,0
1265490585,0
1265494512,0
1265498992,0
1265520308,0
1265530570,0
1265533095,0
1265572093,0
1265607204,0
1265609895,0
1265621817,0
1265634216,0
1265636963,0
1265637698,0
1265655237,0
1265675201,0
1265687503,0
1265693360,0
1265695183,0
1265696702,0
1265701296,0
1265750236,0
1265753883,0
1265758551,0
1265796858,0
1265862890,0
1265873939,0
1265892038,0
1265910939,0
1265953889,0
1275016560,0
1275042145,0
1275078354,0
1275500282,0
1275502932,1
1275505000,0
1275508772,0
1275510729,0
1275523722,0
1275525321,0
1275526196,0
1275531931,0
1275532194,0
1275539785,0
1275545329,0
1275549487,0
1275559247,0
1275562431,0
1275565020,0
1275568289,0
1275573321,0
1275577934,0
1275583320,0
1275584294,0
1275585044,0
1275587123,1
1275588873,1
1275590424,0
1275593717,0
1275595514,0
1275603318,0
1275603698,0
1275604027,1
1275620767,0
1275625170,0
1275652273,0
1275653461,0
1275686024,0
1275693319,0
1275709214,0
1275730566,0
1275734717,0
1275755076,0
1275762056,0
1275769093,0
1275779100,0
1275832057,0
1275869067,0
1275879967,0
1275881823,0
1275893729,0
1275898355,0
1275902355,0
1275915886,0
1275923286,0
1275927428,0
1275950263,0
1285014043,0
1285047407,0
1285050799,0
1285087973,0
1285098400,0
1285104513,0
1285603472,0
1285603548,0
1285608521,1
1285610998,0
1285616425,0
1285619866,0
1285627265,0
1285630186,1
1285634311,0
1285635029,0
1285635730,0
1285641126,0
1285648196,0
1285654301,0
1285657726,0
1285665596,0
1285666040,0
1285671669,0
1285673012,1
1285673038,0
1285674176,0
1285675488,0
1285680314,0
1285680850,0
1285686568,0
1285714428,0
1285726703,0
1285739235,0
1285742296,0
1285744771,0
1285769158,0
1285782847,0
1285792291,0
1285805036,0
1285815472,0
1285834614,0
1285836783,0
1285838359,0
1285858522,0
1285862615,0
1285867473,0
1285873315,0
1285894055,0
1285949420,0
1285955823,0
1285996926,0
1295001204,0
1295019578,0
1295034866,0
1295050227,0
1295050953,0
1295077204,0
1295081198,0
1295092187,0
1295093995,0
1295095081,0
1295151058,0
1295185528,0
1295700060,0
1295704393,0
1295705291,1
1295706430,0
1295710390,0
1295714137,0
1295719896,0
1295719904,0
1295720050,0
1295722973,0
1295724508,0
1295724771,0
1295727329,0
1295728293,0
1295731008,0
1295731362,0
1295732816,0
1295736163,0
1295738797,0
1295744530,1
1295756609,0
1295759967,0
1295763878,0
1295767101,0
1295769172,0
1295776094,1
1295776565,0
1295778496,0
1295780583,0
1295791226,0
1295792422,0
1295797645,0
1295797769,0
1295807360,0
1295807733,0
1295823755,0
1295824837,1
1295828499,0
1295830495,0
1295831659,1
1295834927,0
1295882223,0
1295925840,0
1295927911,0
1295939189,0
1295952596,0
1295972032,0
1295994044,0
1295997625,0
1306001383,0
1306029624,0
1306032792,0
1306036603,0
1306052345,0
1306060827,0
1306072004,0
1306122163,0
1306133350,0
1306159744,0
1306163373,0
1306185053,0
1306188636,0
1306235395,0
1306265723,0
1306279088,0
1306281167,0
1306805528,0
1306809819,0
1306810858,0
1306811724,0
1306821517,0
1306824586,0
1306831300,1
1306835475,0
1306840343,0
1306846670,0
1306847447,0
1306848577,0
1306849740,0
1306850441,0
1306856984,0
1306857701,0
1306860176,0
1306862164,0
1306862792,0
1306866868,0
1306868179,0
1306868336,0
1306876172,0
1306888532,0
1306889779,0
1306890181,0
1306894019,0
1306895578,1
1306896386,0
1306900147,0
1306904651,1
1306905757,0
1306907043,0
1306919162,1
1306928445,0
1306935093,1
1306937768,0
1306938477,0
1306942529,0
1306947999,0
1306948286,0
1306948435,0
1306948658,0
1306954656,0
1306968037,0
1306989223,0
1306996194,0
1316003833,0
1316018526,0
1316021298,0
1316032410,0
1316033475,0
1316034689,0
1316036643,0
1316039712,0
1316045966,0
1316047376,0
1316098833,0
1316100159,0
1316129893,0
1316140783,0
1316143498,0
1316158405,0
1316206337,0
1316235062,0
1316238744,0
1316242068,0
1316256092,0
1316258031,0
1316284896,0
1316333792,0
1316390974,0
1316452246,0
1316464001,0
1316903495,0
1316906548,0
1316908189,0
1316913973,0
1316914542,0
1316918998,0
1316924905,0
1316926421,0
1316928682,0
1316929813,0
1316929862,0
1316933708,0
1316936198,0
1316938566,0
1316942964,0
1316951171,0
1316962566,1
1316982374,0
1316983232,0
1316984750,1
1316990500,0
1316993520,1
1316997232,0
1316997729,0
1326003096,0
1326003765,0
1326006776,0
1326008384,1
1326008780,0
1326011701,0
1326015405,0
1326019142,0
1326022559,0
1326036088,0
1326038597,0
1326039272,0
1326042037,0
1326042961,0
1326044884,0
1326047119,0
1326048638,0
1326049263,0
1326049412,0
1326050329,0
1326055849,0
1326060716,0
1326063868,0
1326065244,0
1326070798,0
1326086935,0
1326087800,0
1326087909,0
1326095761,1
1326097551,0
1326102708,0
1326109158,0
1326112178,0
1326118365,0
1326121716,0
1326132432,0
1326137522,0
1326138041,0
1326148404,0
1326149519,0
1326152414,0
1326152422,0
1326152810,1
1326154709,0
1326162272,0
1326163981,0
1326168337,0
1326186651,0
1326187352,0
1326187626,1
1326188046,0
1326188194,0
1326209354,1
1326230038,0
1326233966,0
1326250705,0
1326265794,0
1326269838,0
1326270679,0
1326292962,0
1326293143,0
1326297706,0
1326300617,0
1326301490,0
1326308727,0
1326326349,0
1326326794,0
1326350562,0
1326350877,0
1326357070,0
1326358748,0
1326368184,0
1326399866,0
1326453036,0
1326454950,0
1326456955,0
1326461633,0
1326474982,0
1326490392,0
1326552308,0
1336102425,0
1336106707,0
1336112960,0
1336116789,1
1336121235,0
1336124296,1
1336131473,0
1336132786,1
1336133131,0
1336133818,0
1336140177,1
1336146315,0
1336146372,0
1336146968,0
1336149749,0
1336156090,0
1336156546,0
1336167899,0
1336169804,0
1336170232,0
1336172147,0
1336172162,0
1336172956,0
1336175520,0
1336178896,0
1336182641,0
1336186600,1
1336187814,1
1336193648,0
1336231067,0
1336236900,0
1336237635,0
1336246487,1
1336247113,0
1336254523,0
1336280569,0
1336282011,0
1336293240,0
1336301035,0
1336305663,0
1336319821,0
1336335108,0
1336348796,0
1336357060,0
1336379577,0
1336381383,0
1336383322,0
1336407253,0
1336448778,0
1336457571,1
1336474105,0
1336491885,0
1336527985,0
1336579499,0
1336658327,0
1336667237,0
1346205010,0
1346207560,0
1346207776,1
1346210028,0
1346215019,0
1346215225,0
1346215266,0
1346217395,0
1346222841,0
1346224987,1
1346225620,0
1346232493,0
1346234614,0
1346234978,0
1346235793,0
1346239100,0
1346240124,0
1346241429,0
1346245156,0
1346246444,0
1346246865,0
1346256047,0
1346257565,0
1346265568,0
1346274982,0
1346275146,0
1346278397,0
1346282233,0
1346283421,0
1346289105,0
1346290780,0
1346301173,0
1346309911,1
1346320538,0
1346322872,0
1346329323,0
1346330966,0
1346335874,0
1346336054,0
1346347432,0
1346347812,0
1346350592,0
1346354768,0
1346356359,0
1346362415,0
1346397619,0
1346403326,0
1346407293,0
1346422854,0
1346440823,0
1346441326,0
1346442514,1
1346449873,0
1346450319,0
1346457751,0
1346466943,0
1346485919,0
1346496692,0
1346506615,0
1346517497,0
1346530441,0
1346545043,0
1346551819,0
1346556263,0
1346575990,0
1346638350,0
1346644051,0
1346668332,0
1346675501,0
1346686102,0
1346731866,0
1346770575,0
1356302483,0
1356306591,0
1356315865,0
1356315980,0
1356317127,0
1356318166,0
1356321467,0
1356322077,0
1356322341,0
1356324909,1
1356331805,0
1356333108,0
1356339055,1
1356339774,0
1356340814,0
1356343206,0
1356343990,0
1356352553,0
1356355010,0
1356361018,0
1356365225,0
1356365753,0
1356366728,0
1356371223,0
1356374656,0
1356386502,0
1356388250,0
1356390371,0
1356391064,0
1356395081,0
1356396923,0
1356399208,0
1356410112,0
1356414908,0
1356415426,0
1356422562,0
1356423016,0
1356430813,0
1356435606,0
1356436430,0
1356437925,0
1356439210,0
1356442578,0
1356442966,0
1356444319,0
1356444376,0
1356446447,0
1356450274,1
1356451488,0
1356464614,0
1356487904,0
1356492342,0
1356493977,0
1356541338,0
1356572101,0
1356591762,0
1356599898,0
1356611859,0
1356613293,0
1356617393,0
1356617542,0
1356619357,0
1356670590,0
1356690887,0
1356698021,0
1356758817,0
1356774798,0
1356782304,0
1356881825,0
1366406563,0
1366410276,0
1366415150,0
1366416976,0
1366419236,0
1366421562,0
1366430944,0
1366431660,1
1366434508,0
1366435455,0
1366438764,0
1366441651,0
1366445587,0
1366447385,0
1366459091,0
1366466898,0
1366471088,0
1366475345,0
1366494247,0
1366503724,0
1366503849,0
1366510430,0
1366516833,0
1366520298,0
1366521825,0
1366522658,0
1366522831,0
1366523938,0
1366531451,0
1366535734,0
1366542409,0
1366550014,0
1366553810,0
1366594525,0
1366608424,0
1366616799,0
1366626988,0
1366641581,0
1366642373,0
1366645178,0
1366672693,0
1366715302,0
1366753931,0
1366756967,0
1366761918,0
1366780389,0
1366874489,0
1366885576,0
1366969065,0
1376065490,0
1376500181,0
1376500603,0
1376502179,0
1376503060,0
1376503839,0
1376505164,1
1376505958,0
1376516427,0
1376516609,1
1376517458,0
1376524918,0
1376532267,0
1376533992,0
1376537753,0
1376541367,0
1376546077,0
1376548438,0
1376548552,1
1376548677,0
1376550442,1
1376551960,0
1376559963,0
1376565622,0
1376569301,0
1376578179,0
1376584482,0
1376597559,0
1376597955,0
1376629436,0
1376638056,0
1376638585,0
1376638866,1
1376655050,0
1376664524,0
1376670042,0
1376707034,0
1376737809,1
1376741116,0
1376741355,0
1376749184,0
1376763912,0
1376767533,0
1376773663,0
1376775163,0
1376788752,0
1376792606,0
1376796276,0
1376848952,0
1376858555,0
1376864512,0
1376872143,0
1376894733,0
1376924241,0
1376954586,0
1376957464,0
1376965525,1
1376994426,0
1386008340,0
1386017689,0
1386051779,0
1386059855,0
1386075091,0
1386081149,0
1386092641,0
1386153633,0
1386197507,1
1386605848,0
1386609907,1
1386610368,0
1386611010,0
1386611861,0
1386612778,0
1386616977,0
1386618148,0
1386625614,0
1386626968,1
1386631851,0
1386634293,1
1386638435,0
1386639334,0
1386639391,0
1386649614,0
1386656221,1
1386674075,0
1386674083,0
1386675064,0
1386676617,0
1386695732,0
1386733921,0
1386751386,0
1386751972,0
1386752244,0
1386754083,0
1386755197,0
1386762565,0
1386787505,0
1386791267,0
1386795821,0
1386805075,0
1386843498,0
1386844520,0
1386855708,0
1386866184,0
1386866853,0
1386872323,0
1386883205,0
1386898237,0
1386898955,0
1386933125,0
1386942126,0
1386958551,0
1386971604,0
1386981686,0
1386990877,0
1396027249,0
1396048666,0
1396050118,0
1396057691,0
1396058210,0
1396068870,0
1396096939,0
1396097234,0
1396157954,0
1396172110,0
1396176533,0
1396182911,0
1396185542,0
1396193405,0
1396291514,0
1396700613,0
1396704938,0
1396706651,0
1396707857,0
1396713756,0
1396716262,0
1396721205,1
1396721544,0
1396723037,0
1396724209,0
1396729588,0
1396730339,0
1396731964,0
1396733523,0
1396736260,1
1396740353,0
1396741740,0
1396744488,0
1396749701,0
1396753992,0
1396754925,0
1396771978,0
1396775516,0
1396775789,0
1396794798,0
1396805644,0
1396807103,0
1396810172,0
1396813069,0
1396817524,0
1396817631,0
1396821013,0
1396825147,1
1396833810,0
1396835963,0
1396846622,1
1396885729,0
1396889895,0
1396894671,0
1396904553,0
1396935946,0
1396951299,0
1396966818,0
1396979480,0
1396989109,0
1396989257,0
1396994430,0
1396997912,0
1407008782,0
1407018948,0
1407022148,0
1407029812,0
1407037385,0
1407050404,0
1407056278,0
1407069073,0
1407076052,0
1407076458,0
1407080450,0
1407080641,0
1407086515,0
1407112535,0
1407116577,0
1407125800,0
1407127558,0
1407154552,0
1407167216,0
1407185499,0
1407190705,0
1407213903,0
1407239890,0
1407251523,0
1407393093,0
1407396609,0
1407804370,0
1407810963,0
1407813488,1
1407815665,0
1407815962,0
1407817885,0
1407820749,0
1407829757,0
1407830128,0
1407830987,0
1407833163,0
1407841760,0
1407844889,0
1407848948,0
1407849037,0
1407852676,0
1407855877,0
1407865959,0
1407866387,0
1407867666,1
1407879661,0
1407881162,0
1407881832,0
1407891187,0
1407895832,0
1407896996,0
1407900673,0
1407913718,0
1407913833,0
1407917875,0
1407927858,0
1407929698,1
1407957913,0
1417008756,1
1417024746,0
1417026493,0
1417037292,0
1417048059,0
1417049719,0
1417058280,0
1417060120,1
1417061631,0
1417079393,0
1417083874,0
1417099490,0
1417101163,0
1417160797,0
1417169848,0
1417189150,0
1417239013,0
1417255340,0
1417259060,0
1417259730,0
1417273103,0
1417315318,0
1417341686,0
1417349275,0
1417378373,0
1417399205,0
1417453960,0
1417460429,0
1417908724,0
1417919101,0
1417924846,0
1417925926,0
1417931213,1
1417933102,0
1417940214,0
1417943168,0
1417945049,0
1417945759,0
1417950080,0
1417950130,0
1417954785,0
1417956293,0
1417957754,0
1417959503,1
1417961566,0
1417963398,0
1417965997,0
1417967431,0
1417968124,0
1417972308,0
1417972597,0
1417973165,0
1417976176,0
1417977851,0
1417980608,0
1417983016,0
1417983032,0
1417999236,0
1427000819,1
1427010214,0
1427011212,0
1427012632,0
1427014745,0
1427018191,0
1427018415,0
1427018621,0
1427018837,0
1427023472,0
1427034222,0
1427034271,1
1427037985,0
1427048818,0
1427052851,0
1427053388,1
1427059146,0
1427062462,0
1427062959,0
1427068204,0
1427070416,0
1427071059,1
1427073188,0
1427074541,0
1427087287,0
1427090562,1
1427092212,0
1427099530,0
1427105394,0
1427110378,0
1427118454,0
1427119536,0
1427128321,0
1427136043,1
1427138031,0
1427159060,0
1427160498,0
1427162478,0
1427165547,0
1427239037,0
1427248434,0
1427254432,0
1427261528,0
1427263151,0
1427297233,0
1427298124,0
1427305721,0
1427318393,0
1427329275,0
1427349463,0
1427373265,0
1427379916,0
1427386697,0
1427390442,0
1427391697,0
1427401561,0
1427459809,0
1427467653,0
1427469238,0
1427480565,0
1427481472,0
1427490226,0
1427495803,0
1427496835,0
1437103561,0
1437109055,0
1437112547,0
1437116761,0
1437117827,0
1437120466,0
1437124914,0
1437132172,0
1437132362,1
1437137809,0
1437147873,0
1437149952,1
1437151883,0
1437152600,0
1437155942,0
1437173556,0
1437173952,0
1437175577,0
1437184587,0
1437185667,0
1437187358,0
1437192119,0
1437192952,0
1437198918,0
1437208022,0
1437217601,1
1437219854,0
1437222874,0
1437236130,0
1437244621,0
1437255742,0
1437298072,0
1437311123,0
1437311800,0
1437319159,0
1437340304,0
1437350873,0
1437354727,0
1437359601,0
1437367901,0
1437370004,0
1437393303,0
1437450665,0
1437470440,0
1437498144,0
1437504743,0
1437542354,0
1437551405,0
1437556800,0
1437578630,0
1437596301,0
1437597358,0
1437671435,0
1447202205,1
1447210638,0
1447225099,0
1447225610,0
1447233150,0
1447233267,0
1447236369,0
1447243340,0
1447245394,0
1447249115,0
1447251152,0
1447251400,0
1447258090,0
1447258157,1
1447284682,0
1447284922,0
1447286109,0
1447290044,0
1447290507,0
1447295696,0
1447297783,0
1447298385,0
1447298633,0
1447300504,1
1447309208,0
1447332614,0
1447336102,0
1447337092,0
1447339221,0
1447340922,0
1447347547,0
1447352471,0
1447361118,0
1447364526,0
1447392485,0
1447409461,0
1447414511,0
1447414776,0
1447418538,0
1447430806,0
1447450622,0
1447451554,0
1447451570,0
1447471164,0
1447570098,0
1447570114,0
1447571294,0
1447615109,0
1447640362,0
1447640669,0
1447665815,0
1447672027,0
1447677901,0
1447689294,0
1447690896,0
1447693734,0
1447696794,0
1447713623,0
1447759097,0
1447817788,0
1457303729,0
1457303760,0
1457308801,0
1457322315,0
1457322778,0
1457323024,0
1457325177,0
1457328775,0
1457336018,0
1457340028,0
1457346140,0
1457346793,0
1457351017,0
1457354086,0
1457356826,0
1457373227,0
1457376899,0
1457384257,0
1457387854,0
1457389488,0
1457390007,0
1457390767,0
1457393308,0
1457393696,0
1457397598,0
1457411175,0
1457439861,0
1457444366,0
1457445058,0
1457445769,0
1457450298,0
1457455693,0
1457466690,0
1457493843,0
1457497554,0
1457545279,0
1457545709,0
1457575615,0
1457653727,0
1457655730,0
1457670432,0
1457689366,0
1457695595,0
1457716029,0
1457745499,0
1457747701,0
1457748188,0
1457756488,0
1457778151,0
1457800682,0
1457877839,0
1467400549,0
1467403345,0
1467408047,0
1467408138,0
1467413013,0
1467416016,0
1467426189,0
1467428045,0
1467430181,0
1467435487,1
1467437293,0
1467441584,1
1467444935,0
1467446161,0
1467447557,1
1467449108,0
1467458653,0
1467459941,0
1467462465,0
1467466581,0
1467466854,0
1467468579,0
1467474882,1
1467476465,0
1467476531,0
1467477448,0
1467480137,0
1467483412,0
1467485169,0
1467485292,0
1467488445,0
1467495986,0
1467501932,1
1467503441,0
1467514026,1
1467516062,0
1467527903,0
1467541433,0
1467544452,0
1467553404,0
1467581199,0
1467582676,0
1467605766,0
1467624064,0
1467631838,0
1467641183,0
1467643163,0
1467644435,0
1467661223,0
1467682682,0
1467683540,0
1467686584,0
1467698563,0
1467713800,0
1467715623,0
1467716514,0
1467718346,0
1467748483,0
1467748822,0
1467765578,0
1467803031,0
1467820472,0
1467833848,0
1467841072,0
1467892216,0
1477502250,0
1477507705,0
1477511350,0
1477520187,0
1477522480,0
1477527000,0
1477528727,0
1477530616,0
1477531267,0
1477532059,0
1477532356,0
1477534295,0
1477541563,0
1477544633,0
1477546463,1
1477552339,0
1477553535,0
1477553840,1
1477556587,0
1477565026,0
1477569606,0
1477571818,1
1477583797,1
1477587780,0
1477588192,0
1477590255,0
1477591394,0
1477597730,0
1477605129,0
1477652287,0
1477655785,0
1477659811,0
1477669539,0
1477671881,0
1477673713,0
1477676468,0
1477701878,0
1477737740,0
1477749216,0
1477780393,0
1477819951,0
1477833028,0
1477840072,0
1477867539,0
1477870186,0
1477870749,1
1477884633,0
1477968485,0
1477992352,0
1487038865,0
1487073219,0
1487075008,0
1487096731,0
1487170882,0
1487170924,0
1487600219,0
1487600946,0
1487610382,0
1487615340,0
1487620720,0
1487620969,0
1487624896,0
1487628202,1
1487629796,1
1487631032,0
1487638581,0
1487641247,0
1487643524,0
1487644548,0
1487645495,0
1487645800,0
1487647335,0
1487648879,0
1487649984,0
1487650222,0
1487651618,0
1487652541,0
1487678454,0
1487684353,0
1487685608,0
1487686689,0
1487686820,0
1487693115,0
1487694956,0
1487698395,0
1487701082,0
1487709986,0
1487750253,0
1487755195,0
1487759650,0
1487761128,0
1487761227,0
1487762100,0
1487773669,0
1487779260,0
1487804852,0
1487809653,0
1487811097,0
1487817375,0
1487818712,0
1487818886,0
1487820437,0
1487834297,0
1487843777,0
1487878559,0
1487879151,0
1487881041,0
1487897401,0
1487905055,0
1487923579,0
1487940425,0
1487953014,0
1487970737,0
1487974283,0
1487975975,0
1487978896,0
1487981569,0
1487996617,0
1497005433,0
1497012256,0
1497013577,0
1497021471,0
1497021893,0
1497021984,0
1497038129,0
1497045629,0
1497047435,0
1497048193,0
1497066377,0
1497104475,0
1497158083,0
1497198865,0
1497273965,0
1497296594,0
1497707939,0
1497710040,0
1497712418,1
1497717185,0
1497717672,0
1497719348,0
1497719694,0
1497723423,0
1497724124,0
1497725287,0
1497729990,0
1497736466,0
1497737266,1
1497740260,0
1497742720,0
1497745905,1
1497752307,0
1497765200,0
1497766422,0
1497772032,0
1497778153,1
1497779649,1
1497780761,0
1497782320,0
1497783468,0
1497791438,0
1497795058,0
1497810915,0
1497812010,1
1497826796,0
1497837918,0
1497843460,1
1497847578,0
1497853840,0
1497864151,1
1497871099,0
1497876916,0
1497892624,0
1497903447,0
1497930101,0
1497958862,0
1497976138,0
1497982052,0
1497985816,0
1497998736,0
1508018854,0
1508023318,0
1508026444,0
1508050394,0
1508059577,0
1508061680,0
1508063421,0
1508064445,0
1508065145,0
1508068438,0
1508075144,0
1508077306,0
1508078189,0
1508099722,0
1508129115,0
1508148990,0
1508151838,0
1508158304,0
1508166745,0
1508178682,0
1508182726,0
1508187675,0
1508198292,0
1508250754,0
1508377482,0
1508388372,0
1508389743,0
1508804725,0
1508804733,0
1508807983,0
1508811712,0
1508816380,0
1508816570,0
1508817941,0
1508818709,0
1508819335,0
1508820622,0
1508826553,0
1508827007,0
1508827395,1
1508829391,0
1508836602,0
1508837097,1
1508843251,0
1508844366,0
1508846734,0
1508847013,0
1508848474,0
1508849274,0
1508852328,0
1508858861,0
1508862046,0
1508878471,0
1508879073,0
1508881004,0
1508882952,0
1508897778,0
1508910209,0
1508930066,0
1508965211,0
1508972423,0
1508978453,0
1508990557,0
1518007889,0
1518028281,1
1518031095,1
1518052398,0
1518055581,0
1518060938,0
1518066026,0
1518071356,0
1518074301,0
1518075506,0
1518082056,0
1518097146,0
1518103571,0
1518103811,0
1518120708,0
1518136225,0
1518156181,0
1518164557,0
1518167139,0
1518175868,0
1518202068,0
1518210558,0
1518278423,0
1518279520,0
1518287739,0
1518287812,0
1518338524,0
1518356864,0
1518900935,0
1518901222,1
1518902212,0
1518903947,0
1518908599,1
1518909795,1
1518909977,1
1518923499,0
1518925064,0
1518925205,0
1518929579,0
1518937499,1
1518942812,0
1518946359,0
1518949130,0
1518952514,0
1518955608,0
1518958040,1
1518959766,1
1518959808,0
1518963594,0
1518965490,0
1518966480,0
1518967611,0
1518977560,0
1518982750,0
1518986058,0
1518991934,0
1518997188,0
1528002177,0
1528005097,0
1528006350,0
1528011756,0
1528012184,0
1528014776,0
1528025038,0
1528029147,0
1528033883,0
1528034626,0
1528041159,0
1528042496,0
1528045333,1
1528046851,0
1528055191,0
1528065273,0
1528067501,0
1528074762,0
1528076643,0
1528079886,0
1528083557,0
1528087970,1
1528088036,0
1528088325,1
1528088408,0
1528088705,0
1528089174,0
1528093184,1
1528093739,0
1528096948,0
1528111341,1
1528113412,0
1528133550,0
1528137551,0
1528172350,0
1528175999,0
1528178803,0
1528229473,0
1528232907,0
1528239951,0
1528265097,0
1528289832,0
1528308228,0
1528320132,0
1528331832,0
1528338142,0
1528353323,0
1528356367,0
1528369592,0
1528390259,1
1528417631,0
1528482254,0
1538101142,0
1538115621,0
1538127519,0
1538127717,0
1538134002,0
1538136353,1
1538161328,0
1538165469,0
1538165675,0
1538166657,0
1538167994,0
1538168968,0
1538179536,0
1538182456,0
1538186127,1
1538187265,0
1538190012,0
1538191770,0
1538198221,0
1538215264,0
1538225610,0
1538226758,0
1538234679,0
1538236674,0
1538237482,1
1538260187,0
1538296496,0
1538302393,0
1538352430,0
1538355490,0
1538367024,0
1538394630,0
1538452206,0
1538471784,0
1538480603,0
1538487723,0
1538491212,0
1538507124,0
1538535232,0
1538573449,0
1538592142,0
1538614664,0
1538685110,0
1548207988,0
1548212004,0
1548217920,0
1548218688,0
1548228224,0
1548230899,0
1548241151,0
1548245848,0
1548246309,0
1548247026,0
1548247216,0
1548248024,1
1548248461,0
1548256720,0
1548258007,0
1548269228,0
1548283450,0
1548288921,0
1548290869,0
1548294929,0
1548298433,0
1548351893,0
1548362148,0
1548376452,0
1548377658,0
1548427164,1
1548429509,0
1548433238,0
1548438880,0
1548440316,0
1548456379,0
1548476120,0
1548481955,0
1548489453,0
1548527278,0
1548536675,0
1548553837,0
1548574981,0
1548596232,0
1548600984,0
1548601693,0
1548609464,0
1548640436,0
1548647795,0
1548670995,0
1548677461,0
1548677586,0
1558305300,0
1558308643,0
1558312587,0
1558323915,0
1558328658,0
1558331868,0
1558333617,0
1558338210,0
1558350892,0
1558351767,0
1558352260,1
1558354183,0
1558355446,0
1558355701,0
1558363309,0
1558363689,0
1558364166,1
1558364711,0
1558367276,0
1558371930,0
1558373043,0
1558384776,0
1558387654,0
1558391003,0
1558394569,0
1558396564,0
1558435222,0
1558440776,0
1558453068,0
1558455543,0
1558458356,0
1558461921,0
1558465799,0
1558479147,1
1558481291,0
1558494773,0
1558500397,0
1558515189,0
1558517748,0
1558524587,0
1558525055,0
1558539874,0
1558550343,0
1558554014,0
1558554253,0
1558558619,0
1558560243,0
1558562363,1
1558562603,0
1558568915,0
1558577569,0
1558585323,0
1558588202,0
1558595967,0
1558613331,0
1558627497,0
1558651224,0
1558662213,0
1558668640,0
1558711861,0
1558742536,0
1558755090,0
1558780114,0
1558784470,0
1558869529,0
1568401750,0
1568405959,0
1568406734,0
1568407583,0
1568408995,0
1568410603,0
1568428043,0
1568431781,0
1568434702,0
1568435584,0
1568438455,0
1568439131,0
1568441129,0
1568443000,0
1568445997,0
1568446920,0
1568452704,0
1568455244,0
1568457455,0
1568457828,0
1568460806,0
1568462778,1
1568463354,0
1568465425,0
1568467223,0
1568470870,0
1568473197,0
1568476356,0
1568479285,0
1568482446,0
1568492122,1
1568493120,0
1568494474,0
1568496172,0
1568499390,0
1568518488,0
1568530400,0
1568549178,1
1568550499,0
1568561157,0
1568561702,0
1568575041,0
1568579308,0
1568604353,0
1568635134,0
1568635704,0
1568638203,0
1568642262,0
1568660165,0
1568666170,0
1568680437,0
1568690022,0
1568722304,0
1568725760,0
1568740843,0
1568754604,0
1568756138,0
1568761120,0
1568769149,0
1568771517,0
1568772283,0
1568778603,0
1568779783,0
1568834190,0
1568850196,0
1568867638,0
1568901221,0
1568917524,0
1578092649,0
1578502159,0
1578507273,0
1578507299,0
1578508685,0
1578511283,0
1578513750,0
1578514915,0
1578520425,0
1578524237,1
1578526307,0
1578532537,0
1578536389,0
1578543047,0
1578546719,0
1578548152,0
1578550638,0
1578551875,0
1578560231,0
1578562807,0
1578564472,0
1578565180,0
1578568549,0
1578570644,0
1578572517,0
1578573093,0
1578573127,0
1578573655,0
1578579579,0
1578590634,0
1578593703,0
1578615316,1
1578631156,0
1578638573,0
1578643979,0
1578666350,1
1578673489,0
1578674511,0
1578677084,0
1578677860,0
1578708210,0
1578733226,0
1578733234,0
1578739090,0
1578754362,1
1578755617,0
1578762118,0
1578776241,0
1578793626,0
1578794335,0
1578794954,0
1578826582,0
1578830022,0
1578839023,0
1578848487,0
1578873774,0
1578876876,0
1578930731,0
1578935318,0
1578949467,0
1578971396,0
1578975298,0
1578975421,0
1578990537,0
1588003297,0
1588044473,0
1588056782,0
1588102594,0
1588116636,0
1588194963,0
1588600100,0
1588601082,0
1588604433,0
1588604805,1
1588605711,0
1588608962,0
1588610240,0
1588611545,0
1588624217,0
1588625693,0
1588630446,0
1588634760,0
1588635296,0
1588643100,0
1588644512,0
1588644926,0
1588645873,0
1588647689,0
1588659965,1
1588665756,0
1588667372,0
1588669188,0
1588673495,0
1588675706,0
1588678155,0
1588684336,0
1588684757,0
1588686794,0
1588689863,1
1588691455,0
1588694343,1
1588697700,1
1588698237,0
1588708168,0
1588713192,0
1588715916,0
1588719686,0
1588728158,0
1588744627,0
1588761639,0
1588767131,0
1588775118,1
1588779771,0
1588820138,0
1588827828,0
1588828933,0
1588836407,0
1588839856,0
1588854707,0
1588875017,0
1588893598,0
1588918395,0
1588928477,1
1588933774,0
1588934442,0
1588936793,0
1588951388,0
1588956098,0
1588987309,0
1598034167,0
1598051328,0
1598076895,0
1598080533,0
1598081432,0
1598085094,0
1598085128,0
1598113243,0
1598133233,0
1598179491,0
1598191959,0
1598199770,0
1598252223,0
1598286007,0
1598704546,1
1598706368,0
1598708372,0
1598710923,0
1598712218,0
1598713430,1
1598714552,0
1598717019,0
1598717217,0
1598717738,0
1598719882,0
1598730707,0
1598730897,0
1598733651,0
1598739922,0
1598743973,0
1598747495,0
1598751174,0
1598751323,0
1598760274,0
1598761322,0
1598762494,0
1598764029,0
1598766537,0
1598772709,0
1598775074,0
1598775280,0
1598775553,0
1598781171,1
1598781494,1
1598785792,0
1598798589,0
1598823502,0
1598827842,0
1598828410,0
1598836801,0
1598846834,0
1598847543,0
1598851594,0
1598852600,0
1598864449,0
1598866592,0
1598867491,0
1598870164,0
1598870909,0
1598871832,0
1598873226,0
1598874422,1
1598899734,0
1598902017,0
1598908253,0
1598928400,0
1598935058,0
1598943292,0
1598951410,0
1598997488,0
1609011444,0
1609030634,0
1609033802,0
1609034420,0
1609042183,0
1609042563,0
1609066331,0
1609073220,0
1609075928,0
1609083773,0
1609089366,0
1609096775,0
1609164532,0
1609189877,0
1609196872,0
1609197060,0
1609218569,0
1609254473,0
1609257468,0
1609268085,0
1609283506,0
1609800119,0
1609805332,0
1609808807,0
1609826288,0
1609832815,0
1609839430,0
1609839950,0
1609843820,0
1609844257,0
1609845189,0
1609846831,0
1609847854,0
1609848928,0
1609849306,1
1609853084,0
1609857044,0
1609863885,0
1609864925,0
1609865377,0
1609867241,0
1609873504,0
1609874692,0
1609883313,0
1609883776,0
1609886639,0
1609891399,0
1609892256,0
1609895911,0
1609898576,0
1609904150,0
1609909423,1
1609918234,0
1609923598,0
1609926526,0
1609936293,0
1609941319,0
1609944180,0
1609962422,0
1609965722,0
1609972298,0
1619017043,0
1619019353,0
1619031697,0
1619032174,0
1619047362,0
1619053519,0
1619055837,0
1619065976,0
1619069804,0
1619070711,0
1619078755,0
1619078797,0
1619080389,0
1619086568,0
1619087541,0
1619088234,0
1619089166,1
1619099959,0
1619102837,0
1619124864,0
1619160223,0
1619165867,0
1619169406,1
1619184454,0
1619186319,0
1619226115,0
1619239274,0
1619256021,0
1619261252,0
1619277472,0
1619306438,0
1619330495,0
1619366317,0
1619385408,0
1619399540,0
1619421088,0
1619909975,0
1619924677,0
1619930260,1
1619930872,0
1619931029,0
1619933843,0
1619938586,0
1619942562,0
1619943792,0
1619947876,0
1619950656,0
1619958899,0
1619960168,0
1619960655,0
1619961133,0
1619961455,0
1619962644,0
1619968203,0
1619972908,0
1629007885,0
1629015730,0
1629018544,0
1629021217,0
1629026471,0
1629027990,0
1629028212,0
1629033402,0
1629036215,0
1629036306,0
1629036496,0
1629037064,0
1629039714,0
1629041777,0
1629042114,0
1629043278,0
1629045364,0
1629045661,0
1629045786,0
1629048954,0
1629052600,0
1629059183,0
1629060900,0
1629063102,0
1629063201,0
1629068135,0
1629071485,0
1629085105,1
1629092606,0
1629094669,0
1629100268,0
1629104831,0
1629119334,0
1629125042,0
1629150495,1
1629157052,0
1629160262,0
1629173240,0
1629180351,0
1629181177,0
1629181490,1
1629205265,0
1629206297,0
1629225479,0
1629234109,0
1629238993,0
1629243837,0
1629260252,0
1629274212,0
1629276126,0
1629280664,0
1629280839,0
1629288659,0
1629323753,0
1629331095,0
1629339783,0
1629359252,0
1629367685,0
1629375167,0
1629380464,0
1629389093,0
1629414537,0
1629445721,0
1629450275,0
1629486477,0
1629496195,0
1639111511,0
1639112220,0
1639113012,1
1639115561,0
1639116437,0
1639118581,0
1639122179,0
1639124639,1
1639124977,0
1639133788,0
1639141435,0
1639142961,0
1639149891,0
1639156722,0
1639162241,0
1639163314,0
1639164486,0
1639165731,0
1639167455,0
1639169972,1
1639172232,0
1639174337,0
1639175854,0
1639176027,0
1639178650,0
1639183882,0
1639209166,0
1639214489,0
1639234016,0
1639241441,0
1639242738,1
1639254386,0
1639258932,0
1639259666,0
1639265903,0
1639271224,0
1639271893,0
1639275969,1
1639279292,0
1639283765,0
1639290158,0
1639296056,0
1639307861,0
1639313091,0
1639355944,0
1639363161,1
1639364524,0
1639369853,0
1639378987,0
1639405061,0
1639425473,0
1639426810,0
1639432198,0
1639434509,0
1639473176,0
1639493380,0
1639495526,0
1639497530,0
1639555436,0
1639582133,0
1639582968,0
1649200163,0
1649202235,0
1649203522,0
1649213596,0
1649218397,0
1649224924,0
1649232133,0
1649235656,0
1649239211,0
1649244419,0
1649245804,0
1649249079,0
1649255498,0
1649262353,0
1649270646,0
1649270984,0
1649272204,0
1649279522,0
1649290594,0
1649293846,0
1649298258,0
1649298928,0
1649301946,0
1649305772,0
1649306325,0
1649313677,0
1649317298,1
1649318585,0
1649325952,0
1649331646,1
1649333733,0
1649337841,0
1649341843,0
1649341959,0
1649360124,0
1649363599,0
1649370065,0
1649373150,0
1649373291,1
1649382417,0
1649383662,0
1649387291,0
1649388406,0
1649407081,0
1649426222,0
1649428277,0
1649433707,0
1649434036,0
1649444365,0
1649458738,0
1649459595,0
1649472895,0
1649494766,0
1649502436,0
1649529470,0
1649534827,0
1649541301,0
1649547563,0
1649552811,0
1649559469,0
1649561788,0
1649588211,0
1649596974,0
1649603564,0
1649621368,0
1649640814,0
1649672346,0
1649681248,0
1649685181,0
1649691551,0
1659302438,0
1659302735,0
1659310308,0
1659310449,0
1659310928,0
1659316784,0
1659320281,1
1659323327,0
1659329977,0
1659333771,0
1659339232,0
1659340552,0
1659341543,1
1659342897,1
1659349512,0
1659352920,0
1659356954,0
1659363885,0
1659367209,0
1659374528,1
1659375590,0
1659377406,0
1659380228,0
1659382117,0
1659382216,0
1659395598,0
1659396604,0
1659402873,0
1659405173,0
1659427532,0
1659434108,1
1659438638,0
1659440667,0
1659441616,0
1659444826,1
1659445427,0
1659445690,1
1659445823,0
1659446326,0
1659460541,0
1659463503,0
1659464493,0
1659467140,0
1659467710,0
1659468742,0
1659473866,0
1659474658,0
1659481570,0
1659483816,0
1659493773,0
1659500486,0
1659506111,1
1659510972,1
1659525756,0
1659526523,0
1659535656,0
1659548162,0
1659551877,0
1659558930,0
1659561892,0
1659573343,0
1659577179,0
1659598225,0
1659598399,0
1659616159,0
1659620334,0
1659666717,0
1659678829,0
1659683308,0
1659691657,0
1659750297,0
1659753432,0
1659763878,0
1659778306,0
1659781664,0
1659797702,0
1659881837,0
1669402525,0
1669407748,0
1669412243,1
1669413415,1
1669414397,1
1669422507,0
1669422523,1
1669425922,0
1669440798,0
1669442935,0
1669447132,0
1669449831,0
1669450144,0
1669450573,0
1669450854,0
1669451688,0
1669455168,1
1669455812,0
1669456844,0
1669462529,0
1669464327,0
1669465050,0
1669465225,0
1669465761,0
1669467940,0
1669468047,1
1669474698,0
1669491031,0
1669497194,0
1669498887,0
1669503108,0
1669513701,0
1669531125,0
1669534376,0
1669536959,0
1669551883,0
1669570487,0
1669584199,0
1669589420,0
1669589560,0
1669597563,0
1669613378,0
1669616066,0
1669620373,0
1669632576,0
1669637674,0
1669657078,0
1669657847,0
1669682522,0
1669694246,0
1669714077,0
1669727913,0
1669735577,0
1669758959,1
1669765327,0
1669782413,0
1669792172,0
1669795779,0
1669800355,0
1669814281,0
1669817821,0
1669832556,0
1669840310,0
1669846812,0
1669853834,0
1669875753,0
1669911020,0
1669929683,0
1679028336,0
1679035851,0
1679502025,0
1679502033,1
1679507248,0
1679508931,0
1679511786,0
1679515431,0
1679522379,0
1679524268,0
1679533152,0
1679535645,0
1679541098,1
1679542781,1
1679544852,0
1679545388,0
1679548705,0
1679550578,0
1679553358,0
1679553606,0
1679555486,0
1679558407,0
1679558795,0
1679560478,0
1679569107,1
1679570808,0
1679571442,0
1679571921,0
1679573752,0
1679578835,0
1679581896,0
1679590491,0
1679594352,0
1679596795,0
1679599377,0
1679624605,0
1679635122,0
1679636443,0
1679639397,1
1679640866,1
1679640908,0
1679652648,0
1679656870,0
1679660021,0
1679661052,1
1679667430,0
1679667554,0
1679673289,0
1679676258,0
1679676621,0
1679679104,0
1679680458,0
1679680474,0
1679681845,0
1679686661,0
1679688774,0
1679694723,0
1679696579,0
1679702922,0
1679731335,0
1679732028,0
1679737605,0
1679749188,1
1679756027,0
1679776330,0
1679823967,0
1679825640,0
1679830780,0
1679846588,0
1679861389,0
1679863807,0
1679885149,0
1679886329,0
1679888606,0
1679889661,0
1679922140,0
1679991806,0
1689000697,0
1689047318,0
1689088783,0
1689121121,0
1689188351,0
1689600504,0
1689608143,0
1689610016,1
1689610842,0
1689617482,1
1689617508,0
1689618456,0
1689620072,0
1689621286,0
1689621591,0
1689625428,0
1689626913,0
1689636987,0
1689639072,0
1689643397,0
1689643611,0
1689645608,1
1689645632,1
1689647562,0
1689650707,0
1689660367,0
1689663031,0
1689664120,0
1689666240,0
1689667263,0
1689668105,0
1689668907,0
1689680282,0
1689680647,0
1689687287,0
1689688376,0
1689696924,0
1689698318,0
1689706525,0
1689735540,0
1689735698,0
1689743965,0
1689751331,0
1689762890,0
1689774010,1
1689780074,0
1689781262,0
1689787194,0
1689787327,0
1689788150,0
1689803033,0
1689803785,0
1689823718,0
1689874166,0
1689909020,0
1689909236,0
1689909418,0
1689957599,0
1689964744,0
1689967689,0
1689974396,0
1699039511,0
1699054627,0
1699065771,0
1699079400,0
1699086561,0
1699092858,0
1699141184,0
1699187005,0
1699191130,0
1699193888,0
1699702217,0
1699707422,0
1699709873,1
1699710046,0
1699711929,1
1699712034,0
1699714311,0
1699715649,0
1699717850,0
1699719724,0
1699724179,0
1699724294,0
1699731117,0
1699734251,0
1699745943,0
1699746016,0
1699750489,0
1699769398,0
1699775767,0
1699784181,0
1699793521,0
1699793661,0
1699794727,0
1699795674,0
1699796243,0
1699829234,0
1699842849,0
1699843227,0
1699843664,0
1699854000,0
1699860585,0
1699869420,0
1699903831,0
1699909218,0
1699926535,0
1699928184,0
1699938639,0
1699960252,0
1699973925,0
1699975755,0
1699986133,0
1700014362,0
1700027307,0
1700049459,0
1700049897,0
1700060555,0
1700072931,0
1700075157,0
1700094240,0
1700098068,0
1700140928,0
1700145679,0
1700148335,0
1700177508,0
1700200755,0
1700222148,0
1700291085,0
1700383023,0
1700396512,0
1700802212,0
1700802709,0
1700808169,0
1700808185,0
1700814209,0
1700822103,0
1700822129,0
1700829025,0
1700829223,0
1700830502,0
1700839081,0
1700844875,0
1700847589,0
1700850906,0
1700861465,0
1700863503,0
1700866779,0
1700871639,0
1700872561,0
1700873064,0
1700875986,1
1700879970,0
1700881695,0
1700887494,0
1700889771,0
1700889854,0
1700897220,0
1700923414,0
1700950458,0
1700955192,0
1700962677,0
1700981925,1
1700990983,0
1710004544,0
1710023601,0
1710041983,0
1710052394,0
1710065958,1
1710073994,0
1710075601,0
1710078282,0
1710089776,0
1710089925,1
1710094255,0
1710104328,0
1710111653,0
1710117320,0
1710117932,0
1710140298,0
1710140868,0
1710144290,0
1710180153,0
1710189253,0
1710202734,0
1710218433,0
1710227129,0
1710253208,0
1710260518,0
1710265244,0
1710295464,0
1710296637,0
1710395736,0
1710903190,0
1710910872,0
1710915582,0
1710917471,0
1710919378,0
1710937545,0
1710945779,0
1710946512,0
1710948997,1
1710950449,0
1710953468,0
1710954292,0
1710955901,0
1710959747,0
1710968649,0
1710970025,0
1710974860,0
1710977947,0
1710979547,0
1710982293,0
1710982889,0
1710982921,0
1710983499,0
1710987565,0
1720002579,0
1720003882,1
1720006810,0
1720017247,0
1720019029,0
1720021652,0
1720022023,0
1720028913,0
1720032154,0
1720032683,0
1720033699,0
1720036908,0
1720037401,0
1720037773,0
1720040652,0
1720046576,0
1720050222,0
1720053358,0
1720053606,0
1720060460,1
1720062391,0
1720066210,0
1720069982,0
1720070493,0
1720072176,0
1720081128,0
1720082662,0
1720095276,0
1720098577,1
1720101900,1
1720135528,0
1720138415,0
1720152036,0
1720153182,0
1720160773,0
1720161862,0
1720162639,0
1720165749,0
1720178148,1
1720184674,0
1720199151,0
1720212467,0
1720239759,0
1720241144,0
1720267040,0
1720273089,0
1720299431,0
1720305477,0
1720344229,0
1720353956,0
1720385479,0
1720390578,0
1720464860,0
1720469323,0
1720473390,0
1720495245,0
1730112558,0
1730112715,0
1730121690,0
1730130386,0
1730131145,0
1730136953,0
1730139163,0
1730139387,0
1730140104,0
1730149857,0
1730151978,0
1730152117,0
1730152877,0
1730155037,0
1730166125,0
1730168733,0
1730171760,0
1730183096,0
1730187360,0
1730188038,0
1730199522,0
1730226010,0
1730226226,0
1730231259,1
1730236928,0
1730253246,0
1730255696,0
1730257403,0
1730264854,1
1730280512,0
1730284332,0
1730286287,0
1730296062,0
1730303777,0
1730332040,0
1730338112,0
1730342114,0
1730343393,0
1730351115,0
1730362906,0
1730399551,0
1730404880,0
1730406000,0
1730418609,0
1730439399,0
1730442997,0
1730447269,0
1730460064,0
1730480039,0
1730482167,0
1730488743,0
1730490632,0
1730576174,0
1730585035,0
1730594359,0
1730595141,0
1730625880,0
1740206358,1
1740208701,0
1740209105,1
1740209253,0
1740213230,0
1740215292,0
1740218551,0
1740222488,0
1740222629,0
1740229962,0
1740230267,0
1740242221,0
1740245737,0
1740248780,0
1740251891,0
1740261767,0
1740261957,0
1740263284,0
1740263771,0
1740264761,0
1740265214,0
1740269448,0
1740273184,0
1740275577,0
1740282722,0
1740284082,0
1740284330,0
1740287663,0
1740288158,0
1740290253,1
1740315159,0
1740336239,0
1740340264,1
1740347483,0
1740387737,0
1740398973,0
1740433291,0
1740442318,0
1740442532,0
1740444272,0
1740455013,0
1740460542,0
1740470129,0
1740470483,0
1740474253,0
1740477090,0
1740477132,0
1740484757,0
1740523307,1
1740528199,0
1740542034,0
1740549138,0
1740587872,1
1740592757,0
1740593490,0
1740606920,0
1740619311,0
1740623750,0
1740661313,0
1740661594,0
1740674480,0
1740687334,0
1740692193,0
1740711860,0
1750305629,0
1750312393,0
1750315842,0
1750320073,0
1750320412,1
1750328233,0
1750343307,0
1750343679,1
1750343760,0
1750347415,0
1750348330,0
1750349874,0
1750351169,0
1750351920,0
1750354387,0
1750355038,0
1750358065,0
1750359345,0
1750362141,0
1750365631,0
1750366605,0
1750367199,0
1750367454,0
1750367983,0
1750371142,0
1750374112,1
1750381679,0
1750381729,0
1750389334,0
1750439485,0
1750464434,0
1750473476,0
1750473658,0
1750479283,0
1750480760,0
1750485066,0
1750488292,1
1750504577,0
1750542015,0
1750549457,0
1750564589,0
1750569885,0
1750585345,0
1750590097,0
1750590998,0
1750621793,0
1750669438,0
1750678876,0
1750679908,0
1750680831,0
1750682985,0
1750683967,0
1750714390,0
1750721148,0
1750723110,0
1750752374,0
1750769840,0
1750769972,0
1750771507,0
1750890158,0
1760401335,0
1760401459,0
1760407076,0
1760408850,0
1760409742,0
1760411995,0
1760414254,0
1760418602,0
1760424352,0
1760429062,0
1760430888,0
1760432868,0
1760441885,0
1760447353,0
1760451611,0
1760453930,0
1760458343,0
1760458699,0
1760462121,0
1760462766,0
1760468128,0
1760476907,0
1760478754,0
1760479059,0
1760479794,0
1760493191,0
1760515464,0
1760531453,0
1760535082,0
1760541312,1
1760541965,0
1760549109,0
1760558548,1
1760559264,0
1760564322,0
1760570774,0
1760574966,0
1760585640,0
1760587984,0
1760596258,0
1760606123,0
1760627913,0
1760633135,0
1760633267,0
1760639884,0
1760646665,0
1760650386,0
1760655468,1
1760669113,0
1760675623,1
1760696314,0
1760696967,0
1760705834,0
1760709232,0
1760718407,0
1760720833,0
1760726707,0
1760730576,0
1760734784,0
1760742084,0
1760755565,0
1760760474,0
1760771372,0
1760782650,0
1760784771,0
1760809990,0
1760849301,0
1760873293,0
1760879944,0
1760893077,0
1760894844,0
1760896518,0
1770038879,0
1770505612,1
1770518821,0
1770520165,0
1770521015,0
1770534844,0
1770535296,0
1770538258,0
1770545055,0
1770548430,0
1770551665,1
1770553463,0
1770553521,1
1770557076,0
1770559841,0
1770563314,0
1770568446,0
1770575649,0
1770580003,0
1770581159,0
1770584294,0
1770585978,0
1770591372,0
1770594418,0
1770617011,0
1770620908,0
1770646036,0
1770655821,0
1770661613,0
1770667677,1
1770669319,0
1770670424,0
1770673824,0
1770735607,0
1770741399,0
1770762734,0
1770780017,0
1770781841,0
1770793143,0
1770794885,0
1770803835,0
1770858102,0
1770894842,0
1770952525,0
1770961740,0
1770968059,0
1770968257,0
1770986697,0
1780002626,0
1780022921,0
1780058743,0
1780064725,0
1780066795,0
1780131052,0
1780132886,0
1780191247,0
1780602631,1
1780602946,0
1780608521,0
1780610931,0
1780620757,0
1780642710,0
1780644666,0
1780648170,0
1780649343,0
1780650028,0
1780650754,0
1780651745,0
1780652321,0
1780660209,0
1780660506,0
1780667063,0
1780670018,0
1780671859,0
1780676346,0
1780677484,0
1780683979,0
1780690545,0
1780695783,0
1780718262,0
1780718973,0
1780726570,0
1780730432,0
1780767020,0
1780780874,0
1780781427,0
1780784678,0
1780788273,0
1780792853,0
1780795476,0
1780798892,0
1780827659,0
1780869685,0
1780875393,0
1780879189,0
1780902874,0
1780958058,0
1780959577,0
1790003598,0
1790033157,0
1790039014,0
1790048502,0
1790064863,0
1790067619,0
1790071231,0
1790074755,0
1790078848,0
1790079812,0
1790096295,0
1790104024,0
1790108348,0
1790121796,0
1790127934,0
1790131456,0
1790148039,0
1790177442,0
1790191955,0
1790204253,0
1790715100,0
1790719268,0
1790722874,0
1790723864,0
1790727469,0
1790732113,0
1790740991,0
1790742161,0
1790743342,0
1790743987,0
1790744399,0
1790745669,0
1790750065,0
1790750701,0
1790751907,0
1790754935,0
1790755338,0
1790758878,0
1790762177,0
1790764207,1
1790765667,0
1790766012,0
1790771897,0
1790775369,0
1790776466,0
1790780427,0
1790785624,0
1790788065,0
1790788644,0
1790788750,1
1790794451,0
1790799344,0
1790815454,0
1790835072,0
1790836252,0
1790848489,0
1790878510,0
1790897908,0
1790898880,0
1790925857,1
1790942209,0
1790958817,0
1790960383,0
1790973147,0
1790992709,0
1790993137,0
1790994390,0
1790994697,0
1790999878,0
1801005053,1
1801008370,0
1801009253,0
1801014956,0
1801020466,0
1801022520,0
1801065172,0
1801099775,0
1801105077,0
1801113592,0
1801154901,0
1801172309,0
1801172390,0
1801180351,0
1801201587,0
1801213434,0
1801232863,0
1801276720,0
1801819487,0
1801823893,0
1801823935,0
1801825781,0
1801826763,0
1801831904,0
1801834627,0
1801834650,0
1801838040,0
1801839600,0
1801843602,0
1801846712,1
1801854302,0
1801858840,0
1801860101,0
1801865795,0
1801866462,0
1801872544,0
1801873930,0
1801874417,0
1801876628,0
1801879358,0
1801879721,0
1801880869,0
1801901814,1
1801904834,0
1801906995,0
1801914023,0
1801937545,1
1801962881,0
1801976352,0
1801981592,0
1801982343,0
1801982632,0
1801991773,0
1801999800,1
1811004351,0
1811008600,0
1811009558,0
1811028566,0
1811042708,0
1811044639,0
1811071822,0
1811077357,0
1811090780,0
1811093305,0
1811107691,0
1811120751,0
1811132285,1
1811157969,0
1811159197,0
1811160948,0
1811166721,0
1811176704,0
1811181795,0
1811182751,0
1811189327,0
1811211154,0
1811215692,0
1811230600,0
1811246697,0
1811256878,0
1811281314,0
1811291636,0
1811299159,0
1811310162,0
1811316359,0
1811340169,0
1811379266,0
1811382427,0
1811425382,0
1811914658,0
1811915135,0
1811916414,0
1811920796,0
1811921646,0
1811929557,0
1811929607,0
1811930118,0
1811931207,0
1811931470,0
1811932874,0
1811934086,0
1811935935,0
1811938368,0
1811940646,0
1811941164,0
1811943723,0
1811944507,0
1811947161,0
1811949373,0
1811950314,0
1811956220,0
1811959802,0
1811964612,0
1811966120,1
1811970056,0
1811973423,0
1811978075,0
1811979958,0
1811981541,0
1811981657,0
1811983851,0
1811988165,0
1811995145,0
1811996853,0
1811997380,0
1811998958,0
1821000100,0
1821000233,0
1821013517,0
1821014036,0
1821014721,0
1821017633,0
1821020074,0
1821020124,0
1821022716,0
1821022955,1
1821023987,0
1821032285,0
1821037094,1
1821037508,1
1821042771,0
1821054842,0
1821058827,1
1821060013,0
1821060682,0
1821061409,0
1821064213,0
1821065798,0
1821066705,0
1821070194,0
1821074436,0
1821079559,0
1821082389,0
1821086208,0
1821087149,0
1821089087,0
1821091869,0
1821093790,0
1821094236,0
1821094574,0
1821094830,0
1821097148,0
1821100959,0
1821102914,0
1821103011,0
1821105982,0
1821112293,0
1821123803,1
1821130089,0
1821158312,0
1821158437,0
1821170986,0
1821173311,0
1821174632,0
1821181504,0
1821184052,0
1821195090,0
1821198987,0
1821202672,0
1821207143,0
1821211277,0
1821225681,0
1821230467,0
1821277518,0
1821284365,0
1821384280,0
1821385618,0
1821547274,0
1821548140,0
1831117522,0
1831118009,0
1831124650,0
1831133909,0
1831145929,1
1831149087,1
1831153600,0
1831158062,0
1831167907,0
1831173038,0
1831173186,0
1831176924,0
1831181742,0
1831183409,0
1831187921,0
1831191998,0
1831194158,0
1831199058,0
1831199496,0
1831205731,0
1831206358,0
1831210756,0
1831213545,0
1831220102,0
1831223676,0
1831240191,0
1831262252,0
1831271790,0
1831279132,0
1831284470,1
1831291640,0
1831291699,0
1831297266,1
1831297795,0
1831298520,0
1831314731,0
1831330034,0
1831336817,0
1831339902,1
1831350354,0
1831354026,0
1831355510,0
1831368414,0
1831381805,0
1831393875,0
1831397454,0
1831397884,1
1831399252,0
1831405380,0
1831410570,0
1831418599,0
1831421908,0
1831422344,0
1831461938,0
1831477793,0
1831485317,0
1831486471,0
1831501816,0
1831511278,0
1831513852,0
1831518596,0
1831535350,0
1831550888,0
1831570159,0
1831595701,0
1831629575,0
1831639384,0
1841200235,0
1841203379,0
1841210325,0
1841211133,0
1841216850,0
1841230562,0
1841230711,0
1841231453,0
1841236395,0
1841239852,0
1841244977,0
1841245263,0
1841245370,0
1841248127,1
1841256351,0
1841261963,0
1841265717,0
1841267622,0
1841269925,0
1841270360,0
1841272085,0
1841277225,0
1841278595,0
1841278645,0
1841282159,0
1841295862,0
1841296878,0
1841297504,0
1841298189,0
1841303310,1
1841305463,0
1841307154,0
1841308681,0
1841318276,0
1841330123,0
1841361938,0
1841368388,0
1841369758,0
1841384468,1
1841392131,0
1841406923,0
1841424991,0
1841434701,0
1841438447,0
1841444767,0
1841446002,0
1841447059,0
1841455193,0
1841480217,0
1841496734,0
1841499761,0
1841517679,0
1841529757,0
1841562014,0
1841581667,0
1841582053,0
1841586146,0
1841603917,0
1841613908,0
1841627965,0
1841635745,0
1841639416,0
1841661824,0
1841673548,0
1841684867,0
1841698859,0
1841787454,0
1851301907,0
1851316988,0
1851320691,0
1851322218,0
1851323521,0
1851326813,0
1851329429,1
1851330823,0
1851333504,0
1851333587,0
1851334700,0
1851338248,1
1851339709,0
1851340236,0
1851340731,1
1851343859,0
1851344980,0
1851348700,0
1851349773,0
1851352272,0
1851360499,0
1851364772,0
1851370837,0
1851372239,0
1851374615,0
1851375398,0
1851382303,0
1851391619,0
1851393003,0
1851441851,0
1851450613,1
1851461255,0
1851461545,0
1851473334,1
1851475560,0
1851485361,0
1851488399,0
1851502199,0
1851503551,0
1851555460,0
1851558860,0
1851559611,0
1851568869,0
1851595458,0
1851602767,0
1851603674,0
1851614713,0
1851616304,0
1851617427,0
1851646665,0
1851647390,0
1851650188,0
1851660419,0
1851666432,0
1851671879,0
1851683130,0
1851686646,0
1851702070,0
1851717748,0
1851729222,0
1851733075,0
1851733992,0
1851738769,0
1851771158,0
1851772438,0
1851796999,0
1851821334,0
1851835656,0
1861401341,0
1861401473,0
1861410003,0
1861410706,0
1861411639,0
1861422180,0
1861425001,0
1861435851,0
1861439770,0
1861441552,0
1861443640,0
1861445074,0
1861445223,0
1861445793,0
1861445983,0
1861460727,0
1861467185,0
1861468589,0
1861473985,0
1861482762,0
1861483521,0
1861487308,1
1861489197,0
1861494742,0
1861496390,0
1861496879,0
1861506446,0
1861513566,1
1861516668,0
1861521411,0
1861530248,0
1861542086,0
1861552481,0
1861571614,0
1861575094,0
1861586174,0
1861605461,0
1861615130,0
1861629503,0
1861629966,0
1861636961,0
1861652539,0
1861656365,0
1861658783,0
1861695629,0
1861697310,0
1861698607,0
1861710394,0
1861719429,0
1861719528,0
1861719593,0
1861723496,0
1861728503,0
1861729170,0
1861742629,0
1861756934,0
1861782997,0
1861790511,0
1861815623,0
1861827446,0
1861851172,0
1861895807,0
1861902934,0
1861931891,0
1861935363,0
1861944852,0
1871002782,0
1871505685,0
1871508549,0
1871513176,0
1871515361,0
1871517417,0
1871520080,0
1871521005,0
1871522318,0
1871522540,1
1871527226,0
1871528356,0
1871535625,0
1871538074,0
1871540369,0
1871541631,0
1871547927,0
1871551630,0
1871556589,0
1871563726,0
1871563775,0
1871568154,0
1871568899,0
1871570358,1
1871571406,1
1871572677,0
1871578807,0
1871579490,0
1871584755,0
1871588160,0
1871589341,0
1871596098,1
1871599555,0
1871627323,1
1871634717,0
1871648121,0
1871663740,1
1871665752,0
1871673319,0
1871676254,1
1871683268,0
1871686279,0
1871697409,0
1871714824,0
1871740175,0
1871744425,0
1871748079,0
1871753152,0
1871755678,0
1871778738,0
1871789271,0
1871792960,0
1871816488,0
1871821389,0
1871829044,0
1871880823,0
1871880831,0
1871930552,0
1871983353,0
1881026425,0
1881032407,0
1881033439,0
1881077758,0
1881145993,0
1881607018,0
1881622090,1
1881627594,0
1881629491,0
1881635779,0
1881641694,0
1881653186,0
1881657047,0
1881658342,0
1881659217,0
1881659845,0
1881662708,0
1881662732,0
1881664415,0
1881664829,1
1881665891,0
1881667269,0
1881670404,0
1881672533,0
1881684850,0
1881690675,0
1881693141,0
1881697514,0
1881698272,0
1881704971,0
1881716777,0
1881734382,0
1881736346,1
1881740447,0
1881759629,0
1881768075,0
1881772333,0
1881784791,0
1881797827,0
1881821163,0
1881850907,0
1881865103,0
1881890200,0
1881901007,0
1881906592,0
1881916898,0
1881956142,0
1881972982,0
1881986164,0
1881989762,0
1881995496,0
1891006375,0
1891023545,0
1891039756,0
1891058681,0
1891089348,0
1891101895,0
1891112405,0
1891129292,0
1891159786,0
1891171336,0
1891175030,0
1891185765,0
1891239513,0
1891700118,0
1891700605,0
1891704391,0
1891711305,0
1891713152,0
1891720595,0
1891726972,0
1891728309,0
1891743365,0
1891743654,1
1891748018,0
1891752564,1
1891755658,0
1891755930,0
1891761532,0
1891764080,0
1891766549,0
1891768040,0
1891770301,0
1891770350,0
1891772596,0
1891772786,1
1891773248,0
1891774378,0
1891780425,1
1891781225,0
1891782553,1
1891784708,0
1891786851,0
1891787354,0
1891787743,0
1891789327,0
1891790507,0
1891795985,0
1891801494,0
1891803318,1
1891803755,0
1891812921,0
1891839262,0
1891870309,0
1891879003,1
1891889101,0
1891892501,0
1891892774,0
1891899456,0
1891940474,0
1891954111,0
1891973806,0
1891974689,0
1891988481,0
1891991642,0
1891992061,0
1891992228,0
1891993895,0
1891995072,0
1902022882,0
1902033608,0
1902048952,0
1902065857,0
1902073612,0
1902099229,0
1902100597,0
1902153372,0
1902170392,0
1902175854,0
1902186539,1
1902225907,0
1902237167,0
1902246325,0
1902261431,0
1902351448,0
1902379993,0
1902802101,0
1902802515,0
1902804495,0
1902804974,0
1902811763,0
1902813256,0
1902821697,0
1902825441,1
1902825763,0
1902828437,0
1902829112,1
1902829302,0
1902835762,0
1902842446,1
1902844061,0
1902845480,1
1902869498,0
1902872781,0
1902873342,0
1902875552,0
1902876402,0
1902879000,0
1902884414,0
1902884786,0
1902884935,0
1902885601,0
1902887037,0
1902892607,0
1902919871,0
1902954738,0
1902960016,0
1902986821,0
1902994551,0
1902997091,0
1912001405,0
1912010547,0
1912012584,0
1912015397,0
1912032780,1
1912035767,0
1912050238,0
1912054487,0
1912065129,0
1912068370,0
1912071648,0
1912077967,1
1912088527,0
1912104167,0
1912121898,0
1912139072,0
1912141904,0
1912153602,1
1912192675,0
1912243528,0
1912249921,0
1912261280,0
1912296476,0
1912319344,0
1912380809,0
1912386236,0
1912429630,0
1912432766,0
1912901513,0
1912906264,0
1912906686,0
1912908443,0
1912914540,0
1912921990,0
1912932815,1
1912937665,0
1912938333,0
1912944984,0
1912947169,0
1912951716,1
1912957903,0
1912959107,0
1912959701,0
1912971037,0
1912971763,0
1912973694,0
1912975426,0
1912981648,0
1912984972,0
1912989609,0
1912990854,0
1912991381,0
1912992165,0
1912993460,1
1912998121,0
1912999087,0
1912999814,0
1922002500,0
1922003656,0
1922005321,1
1922006881,1
1922018852,0
1922022623,1
1922028026,0
1922031293,0
1922041573,0
1922046101,0
1922046960,0
1922047299,0
1922047489,1
1922068733,1
1922070754,0
1922071653,0
1922075225,0
1922080415,1
1922080506,0
1922083708,0
1922085497,0
1922089630,0
1922097773,0
1922110717,0
1922113984,0
1922116268,0
1922119643,0
1922122274,0
1922147065,0
1922149285,0
1922150473,0
1922153386,0
1922159847,0
1922171016,0
1922185735,0
1922189315,0
1922203819,0
1922204494,0
1922236660,0
1922240308,0
1922242452,0
1922263151,0
1922280254,1
1922284157,0
1922325539,0
1922326206,0
1922413335,0
1922425560,0
1922443829,0
1922526219,0
1932103553,0
1932109295,0
1932123296,0
1932126000,0
1932130481,0
1932131000,0
1932134012,0
1932147410,1
1932154473,0
1932155645,0
1932162161,0
1932162245,1
1932164373,0
1932165032,0
1932171774,0
1932178407,0
1932180114,0
1932180668,0
1932180924,0
1932188067,0
1932189123,0
1932195369,0
1932199478,0
1932199916,0
1932201571,0
1932210739,0
1932210994,0
1932211281,0
1932212461,0
1932224177,0
1932225430,0
1932241494,0
1932242989,0
1932261716,0
1932281250,0
1932281342,0
1932294469,0
1932298080,0
1932307097,0
1932321155,0
1932323193,0
1932335338,0
1932336997,0
1932340346,0
1932356367,0
1932361011,0
1932369816,0
1932389681,0
1932395100,0
1932407947,0
1932437548,0
1932442100,0
1932455946,0
1932463288,0
1932483328,0
1932491339,0
1932512845,0
1932519766,0
1932534153,0
1932540051,0
1932554714,0
1932598323,0
1932624434,0
1942203534,0
1942204342,0
1942206883,0
1942209234,0
1942211370,0
1942212378,0
1942217526,0
1942228267,0
1942235270,0
1942237169,0
1942242920,0
1942242938,0
1942245782,0
1942247887,0
1942248018,0
1942259445,0
1942262233,0
1942267182,0
1942269212,0
1942269790,0
1942277249,0
1942288006,1
1942289491,0
1942290358,0
1942295183,0
1942297627,0
1942307608,0
1942311246,0
1942311618,0
1942314539,0
1942322326,0
1942329370,0
1942350673,0
1942360870,0
1942373923,1
1942384433,0
1942385919,0
1942389580,0
1942398409,0
1942400601,0
1942430665,0
1942479894,0
1942496617,0
1942520036,0
1942525894,1
1942561857,0
1942576194,0
1942591227,0
1942594684,0
1942642509,0
1942658380,0
1942664008,0
1942668751,0
1942670187,0
1942672050,0
1942681127,0
1942737374,0
1942743265,0
1952300444,0
1952302465,0
1952305831,0
1952307662,0
1952308694,0
1952311854,0
1952317406,0
1952318388,0
1952323180,0
1952323792,0
1952327553,0
1952339848,0
1952347379,0
1952357303,1
1952360539,0
1952360919,0
1952364481,1
1952369621,0
1952369852,0
1952372260,0
1952386252,0
1952386435,0
1952389173,0
1952389728,0
1952391740,0
1952395048,0
1952395881,1
1952397085,0
1952410052,0
1952417610,1
1952418451,0
1952444358,0
1952455032,0
1952458994,0
1952459513,0
1952472375,0
1952477622,1
1952483372,1
1952512873,0
1952525370,0
1952558322,0
1952564759,0
1952579542,0
1952586018,0
1952600058,0
1952614521,0
1952624025,0
1952632150,0
1952656001,0
1952656027,0
1952664641,0
1952665655,0
1952666786,0
1952667115,0
1952723488,0
1952754798,0
1952757536,0
1952764052,0
1952784209,0
1962402396,0
1962403717,0
1962408047,0
1962416487,0
1962423715,0
1962424960,0
1962435081,0
1962435719,0
1962440800,0
1962441022,0
1962442590,0
1962443739,1
1962459156,0
1962461640,1
1962472258,0
1962472803,0
1962473330,0
1962478164,0
1962478354,0
1962480657,0
1962488692,0
1962500702,0
1962517920,0
1962518977,0
1962532747,0
1962554915,0
1962570713,0
1962573733,0
1962578229,0
1962582262,0
1962592436,0
1962596502,0
1962598979,0
1962615286,0
1962615708,0
1962620682,0
1962632166,0
1962674549,0
1962681403,0
1962684647,0
1962690693,0
1962693358,0
1962708156,0
1962717108,0
1962742379,0
1962769562,0
1962787598,0
1962819565,0
1962820340,0
1962845529,0
1962875401,0
1962876219,0
1972501120,0
1972504421,0
1972507952,0
1972519072,0
1972519858,0
1972521417,0
1972523405,1
1972523686,0
1972526291,0
1972527828,0
1972530939,0
1972534576,0
1972536407,0
1972542611,0
1972543460,0
1972543502,0
1972551836,0
1972554228,1
1972556207,0
1972558500,0
1972559409,0
1972560126,0
1972564938,0
1972577286,0
1972587533,0
1972589265,0
1972595536,0
1972605079,0
1972606812,0
1972631950,0
1972646792,0
1972658425,0
1972660975,0
1972663466,0
1972675742,0
1972683290,0
1972687127,0
1972687754,1
1972693059,0
1972696045,0
1972703288,0
1972723955,0
1972733913,0
1972746915,0
1972762821,0
1972764256,0
1972765550,0
1972765741,0
1972766970,0
1972769750,0
1972776854,0
1972777217,0
1972794790,0
1972815132,0
1972816932,0
1972820967,0
1972858306,0
1972867323,0
1972879732,0
1972897684,0
1972901213,0
1972970762,0
1972996551,0
1982012316,0
1982048260,0
1982602504,0
1982604757,0
1982604898,0
1982607578,0
1982608733,0
1982609657,0
1982609723,1
1982622759,0
1982635579,0
1982637856,1
1982640116,0
1982642930,0
1982643656,0
1982644183,0
1982646089,1
1982647467,0
1982648853,0
1982651527,0
1982651774,0
1982653101,0
1982653812,0
1982657284,0
1982662722,1
1982664793,0
1982668950,0
1982673190,0
1982674594,0
1982676136,1
1982677373,0
1982678868,0
1982679544,1
1982679601,0
1982680880,0
1982691473,0
1982692307,0
1982692554,0
1982693859,0
1982697876,0
1982704003,0
1982706560,0
1982706941,1
1982715082,0
1982716486,0
1982717237,0
1982742524,0
1982753653,1
1982759411,0
1982767141,0
1982767919,0
1982781506,1
1982805339,0
1982812723,0
1982821906,0
1982833646,0
1982854352,0
1982862967,0
1982913026,0
1982920690,0
1982925756,0
1982931101,0
1982942850,0
1982952453,0
1982961769,0
1982962833,0
1982982864,0
1982990495,0
1982997482,0
1982998100,0
1982999140,0
1992023816,0
1992024699,0
1992030050,1
1992055248,0
1992063325,0
1992076434,0
1992098412,0
1992123061,0
1992140412,0
1992153688,0
1992155410,0
1992287015,0
1992700827,0
1992706444,0
1992707103,0
1992710875,0
1992735013,0
1992737886,0
1992747927,0
1992753438,0
1992756712,0
1992760276,0
1992760581,0
1992762538,0
1992763387,0
1992764641,0
1992768477,1
1992769863,0
1992777965,0
1992780126,0
1992784359,0
1992788483,0
1992791552,0
1992792881,0
1992794960,0
1992803340,0
1992805634,0
1992807945,0
1992814990,0
1992821789,0
1992850747,0
1992852701,0
1992862551,0
1992866826,0
1992866941,0
1992887301,0
1992888952,0
1992892665,0
1992893127,0
1992899702,0
1992901110,0
1992901508,0
1992933329,0
1992937189,0
1992946750,0
1992947592,0
1992950158,0
1992975098,0
1992994438,0
1992999759,1
